epoch,lr,train time
0,9.999999747378752e-05,0:03:49.577644
1,9.999999747378752e-05,0:03:40.616158
2,9.999999747378752e-05,0:03:48.217910
3,9.999999747378752e-05,0:03:41.078181
4,9.999999747378752e-05,0:03:43.326139
5,9.999999747378752e-05,0:03:40.301136
6,9.999999747378752e-05,0:03:37.337413
7,9.999999747378752e-05,0:03:36.967235
