epoch,loss,mse,psnr_metric,ssim_metric,val_loss,val_mse,val_psnr_metric,val_ssim_metric
0,0.103848968132222,0.103848934,11.707141,0.24948338,0.01668369211256504,0.016586415469646454,18.258087158203125,0.606625497341156
1,0.03257847053945557,0.032578472,15.556289,0.40747774,0.037775781005620956,0.03856319189071655,14.832523345947266,0.5622433423995972
2,0.027386328713460403,0.027386315,16.398783,0.45500973,0.04188504070043564,0.04122496396303177,14.5116605758667,0.5366766452789307
3,0.024642626654880106,0.024642624,16.886751,0.483687,0.03130403906106949,0.03071393258869648,15.618399620056152,0.536171555519104
4,0.02279458847666575,0.02279459,17.230576,0.50369424,0.021309494972229004,0.020565027371048927,17.429676055908203,0.5423990488052368
5,0.021056191672470945,0.021056188,17.591032,0.52057123,0.020030561834573746,0.019129078835248947,17.975488662719727,0.5339475870132446
6,0.01984320343895392,0.019843202,17.848177,0.532426,0.017332684248685837,0.018168844282627106,18.31087303161621,0.5365872383117676
7,0.018549725690410156,0.01854973,18.148775,0.54528767,0.017521768808364868,0.017707793042063713,18.377025604248047,0.5462555289268494
